{"cameraMode":{"drawMode":0,"name":"Shaded","section":"Shading Mode"},"sceneLighting":false,"audioPlay":false,"sceneViewState":{"showFog":true,"showMaterialUpdate":false,"showSkybox":true,"showFlares":true,"showImageEffects":true,"showParticleSystems":true},"in2DMode":false,"pivot":{"x":34.156227111816409,"y":-15.725181579589844,"z":40.64126968383789},"rotation":{"x":-0.0017353723524138332,"y":-0.9979847073554993,"z":-0.05508466809988022,"w":0.031451668590307239},"size":6.261227130889893,"orthographic":false}