{"cameraMode":{"drawMode":0,"name":"Shaded","section":"Shading Mode"},"sceneLighting":true,"audioPlay":false,"sceneViewState":{"showFog":true,"showMaterialUpdate":false,"showSkybox":true,"showFlares":true,"showImageEffects":true,"showParticleSystems":true},"in2DMode":false,"pivot":{"x":93.9727783203125,"y":-6.972798824310303,"z":48.14690399169922},"rotation":{"x":0.16639089584350587,"y":0.6171884536743164,"z":-0.13566569983959199,"w":0.7569593191146851},"size":31.064571380615236,"orthographic":false}