{"cameraMode":{"drawMode":0,"name":"Shaded","section":"Shading Mode"},"sceneLighting":false,"audioPlay":false,"sceneViewState":{"showFog":true,"showMaterialUpdate":false,"showSkybox":true,"showFlares":true,"showImageEffects":true,"showParticleSystems":true},"in2DMode":false,"pivot":{"x":37.28089904785156,"y":-17.979450225830079,"z":44.55551528930664},"rotation":{"x":-0.04675046354532242,"y":-0.841103732585907,"z":0.07366690039634705,"w":-0.5337902903556824},"size":4.16122579574585,"orthographic":false}