{"cameraMode":{"drawMode":0,"name":"Shaded","section":"Shading Mode"},"sceneLighting":true,"audioPlay":false,"sceneViewState":{"showFog":true,"showMaterialUpdate":false,"showSkybox":true,"showFlares":true,"showImageEffects":true,"showParticleSystems":true},"in2DMode":false,"pivot":{"x":4.458346366882324,"y":98.84767150878906,"z":123.80952453613281},"rotation":{"x":0.09977619349956513,"y":-0.7257706522941589,"z":0.10774987936019898,"w":0.6720800995826721},"size":340.46466064453127,"orthographic":false}