{"cameraMode":{"drawMode":0,"name":"Shaded","section":"Shading Mode"},"sceneLighting":false,"audioPlay":false,"sceneViewState":{"showFog":true,"showMaterialUpdate":false,"showSkybox":true,"showFlares":true,"showImageEffects":true,"showParticleSystems":true},"in2DMode":false,"pivot":{"x":35.41322708129883,"y":-16.758399963378908,"z":46.85560989379883},"rotation":{"x":-0.04386499524116516,"y":-0.5188466906547546,"z":0.026671838015317918,"w":-0.8533244729042053},"size":4.16122579574585,"orthographic":false}