{"cameraMode":{"drawMode":0,"name":"Shaded","section":"Shading Mode"},"sceneLighting":false,"audioPlay":false,"sceneViewState":{"showFog":true,"showMaterialUpdate":false,"showSkybox":true,"showFlares":true,"showImageEffects":true,"showParticleSystems":true},"in2DMode":false,"pivot":{"x":33.07746887207031,"y":-22.28586769104004,"z":40.26227569580078},"rotation":{"x":0.022995825856924058,"y":-0.9290772676467896,"z":0.36448734998703005,"w":0.058614425361156467},"size":9.704634666442871,"orthographic":false}