{"cameraMode":{"drawMode":0,"name":"Shaded","section":"Shading Mode"},"sceneLighting":true,"audioPlay":false,"sceneViewState":{"showFog":true,"showMaterialUpdate":false,"showSkybox":true,"showFlares":true,"showImageEffects":true,"showParticleSystems":true},"in2DMode":false,"pivot":{"x":33.2746696472168,"y":-20.63050079345703,"z":57.09364700317383},"rotation":{"x":-0.16262929141521455,"y":0.5618757605552673,"z":-0.1137867197394371,"w":-0.8030565977096558},"size":40.88362503051758,"orthographic":false}