{"cameraMode":{"drawMode":0,"name":"Shaded","section":"Shading Mode"},"sceneLighting":false,"audioPlay":false,"sceneViewState":{"showFog":true,"showMaterialUpdate":false,"showSkybox":true,"showFlares":true,"showImageEffects":true,"showParticleSystems":true},"in2DMode":false,"pivot":{"x":34.94123077392578,"y":-15.806473731994629,"z":41.09489440917969},"rotation":{"x":-0.0007049044361338019,"y":-0.9981964826583862,"z":0.0588219128549099,"w":-0.011973503977060318},"size":6.261227130889893,"orthographic":false}