{"cameraMode":{"drawMode":0,"name":"Shaded","section":"Shading Mode"},"sceneLighting":true,"audioPlay":false,"sceneViewState":{"showFog":true,"showMaterialUpdate":false,"showSkybox":true,"showFlares":true,"showImageEffects":true,"showParticleSystems":true},"in2DMode":false,"pivot":{"x":63.808128356933597,"y":-3.831758737564087,"z":45.65833282470703},"rotation":{"x":0.0023575476370751859,"y":0.7178464531898499,"z":-0.0024280839134007694,"w":0.696193277835846},"size":1.253455638885498,"orthographic":false}