{"cameraMode":{"drawMode":0,"name":"Shaded","section":"Shading Mode"},"sceneLighting":false,"audioPlay":false,"sceneViewState":{"showFog":true,"showMaterialUpdate":false,"showSkybox":true,"showFlares":true,"showImageEffects":true,"showParticleSystems":true},"in2DMode":false,"pivot":{"x":-1.0034356117248536,"y":0.6836323738098145,"z":-0.2727659344673157},"rotation":{"x":-0.047138094902038577,"y":-0.8322912454605103,"z":0.07163718342781067,"w":-0.5476654171943665},"size":4.16123104095459,"orthographic":false}