{"cameraMode":{"drawMode":0,"name":"Shaded","section":"Shading Mode"},"sceneLighting":true,"audioPlay":false,"sceneViewState":{"showFog":true,"showMaterialUpdate":false,"showSkybox":true,"showFlares":true,"showImageEffects":true,"showParticleSystems":true},"in2DMode":false,"pivot":{"x":72.24642181396485,"y":-6.574272632598877,"z":50.10074996948242},"rotation":{"x":-0.011806287802755833,"y":-0.8896055817604065,"z":0.023027196526527406,"w":-0.45599597692489626},"size":2.8129749298095705,"orthographic":false}