{"cameraMode":{"drawMode":0,"name":"Shaded","section":"Shading Mode"},"sceneLighting":true,"audioPlay":false,"sceneViewState":{"showFog":true,"showMaterialUpdate":false,"showSkybox":true,"showFlares":true,"showImageEffects":true,"showParticleSystems":true},"in2DMode":false,"pivot":{"x":47.303749084472659,"y":-9.56371021270752,"z":54.6451416015625},"rotation":{"x":0.22885915637016297,"y":-0.06124931573867798,"z":0.014430876821279526,"w":0.9714236259460449},"size":27.02285385131836,"orthographic":false}