{"cameraMode":{"drawMode":0,"name":"Shaded","section":"Shading Mode"},"sceneLighting":true,"audioPlay":false,"sceneViewState":{"showFog":true,"showMaterialUpdate":false,"showSkybox":true,"showFlares":true,"showImageEffects":true,"showParticleSystems":true},"in2DMode":false,"pivot":{"x":52.175357818603519,"y":42.26985168457031,"z":90.0},"rotation":{"x":-0.034779444336891177,"y":0.9290513396263123,"z":0.0905127301812172,"w":0.35701748728752139},"size":28.71788787841797,"orthographic":false}