{"cameraMode":{"drawMode":0,"name":"Shaded","section":"Shading Mode"},"sceneLighting":true,"audioPlay":false,"sceneViewState":{"showFog":true,"showMaterialUpdate":false,"showSkybox":true,"showFlares":true,"showImageEffects":true,"showParticleSystems":true},"in2DMode":false,"pivot":{"x":45.176448822021487,"y":0.37092846632003786,"z":65.59917449951172},"rotation":{"x":0.10467710345983505,"y":0.8950051069259644,"z":-0.31899532675743105,"w":0.2936844825744629},"size":3.1870245933532717,"orthographic":false}