{"cameraMode":{"drawMode":0,"name":"Shaded","section":"Shading Mode"},"sceneLighting":false,"audioPlay":false,"sceneViewState":{"showFog":true,"showMaterialUpdate":false,"showSkybox":true,"showFlares":true,"showImageEffects":true,"showParticleSystems":true},"in2DMode":false,"pivot":{"x":35.21318435668945,"y":-17.00179100036621,"z":44.680850982666019},"rotation":{"x":-0.007222068961709738,"y":-0.9809223413467407,"z":0.03715551644563675,"w":-0.1906796544790268},"size":4.16122579574585,"orthographic":false}